{"train_loss": [1.129724840764646, 0.827125942044788, 0.7389999936686622, 0.6657883705474712, 0.6232335952034703, 0.5789202792335439, 0.5418932737023742, 0.5213242756878889, 0.48616917417005256, 0.46918796276604685, 0.45240775866640937, 0.43509997526804606, 0.40948228263192704, 0.39044963151216505, 0.3791412201192644, 0.37237303294517377, 0.35646190248153825, 0.35347995573171864, 0.3435204732307681, 0.32648663521916776], "val_loss": [0.7972941349243977, 0.85272961519879, 0.5716336083835398, 0.6077746048834197, 0.5164894570084013, 0.6076410731091302, 0.47421236565479863, 0.5987647129057427, 0.37039205987425244, 0.42989650439228533, 0.33579610477714145, 0.38371190084860873, 0.33633240830351613, 0.4333797783188566, 0.3820422711016158, 0.279753135021269, 0.33158098275844866, 0.2534647459638189, 0.230874836488941, 0.27751594523970896], "val_accuracy": [70.9074074074074, 70.27777777777777, 79.75925925925925, 77.70370370370371, 81.37037037037037, 77.81481481481481, 83.53703703703704, 79.20370370370371, 87.27777777777777, 85.35185185185185, 88.14814814814815, 86.44444444444444, 88.62962962962963, 84.75925925925925, 87.24074074074075, 90.55555555555556, 88.62962962962963, 91.20370370370371, 91.9074074074074, 90.25925925925925]}